ias_kt,palt_ft,ias_valid,aoa_deg,coeff_p,flaps_pos,flaps_index,flaps_raw_adc,flaps_raw_adc_present,pitch_deg,roll_deg,flight_path_deg,kalman_vsi_mps,imu_fwd_g,imu_lat_g,imu_vert_g,imu_roll_dps,imu_pitch_dps,imu_yaw_dps,accel_lat_corr,accel_vert_corr,data_mark
10.0000,5250.0000,1,6.0000,0.2000,0,0,1313,1,-3.0000,0.5000,0.0000,0.000000,-0.0500,0.0000,1.0000,0.0000,-0.0000,0.0000,0.0000,1.0000,0
10.0000,5250.0000,1,6.0000,0.2000,0,0,1324,1,-3.0000,0.5000,0.0000,0.000000,-0.0500,0.0000,1.0000,0.0000,-0.0000,0.0000,0.0000,1.0000,0
10.0000,5250.0000,1,6.0000,0.2000,0,0,1335,1,-3.0000,0.5000,0.0000,0.000000,-0.0500,0.0000,1.0000,0.0000,-0.0000,0.0000,0.0000,1.0000,0
10.0000,5250.0000,1,6.0000,0.2000,0,0,1347,1,-3.0000,0.5000,0.0000,0.000000,-0.0500,0.0000,1.0000,0.0000,-0.0000,0.0000,0.0000,1.0000,0
10.0000,5250.0000,1,6.0000,0.2000,0,0,1359,1,-3.0000,0.5000,0.0000,0.000000,-0.0500,0.0000,1.0000,0.0000,-0.0000,0.0000,0.0000,1.0000,0
10.0000,5250.0000,1,6.0000,0.2000,0,0,1371,1,-3.0000,0.5000,0.0000,0.000000,-0.0500,0.0000,1.0000,0.0000,-0.0000,0.0000,0.0000,1.0000,0
10.0000,5250.0000,1,6.0000,0.2000,0,0,1383,1,-3.0000,0.5000,0.0000,0.000000,-0.0500,0.0000,1.0000,0.0000,-0.0000,0.0000,0.0000,1.0000,0
10.0000,5250.0000,1,6.0000,0.2000,0,0,1395,1,-3.0000,0.5000,0.0000,0.000000,-0.0500,0.0000,1.0000,0.0000,-0.0000,0.0000,0.0000,1.0000,0
10.0000,5250.0000,1,6.0000,0.2000,0,0,1407,1,-3.0000,0.5000,0.0000,0.000000,-0.0500,0.0000,1.0000,0.0000,-0.0000,0.0000,0.0000,1.0000,0
10.0000,5250.0000,1,6.0000,0.2000,0,0,1419,1,-3.0000,0.5000,0.0000,0.000000,-0.0500,0.0000,1.0000,0.0000,-0.0000,0.0000,0.0000,1.0000,0
10.0000,5250.0000,1,6.0000,0.2000,0,0,1432,1,-3.0000,0.5000,0.0000,0.000000,-0.0500,0.0000,1.0000,0.0000,-0.0000,0.0000,0.0000,1.0000,0
10.0000,5250.0000,1,6.0000,0.2000,0,0,1445,1,-3.0000,0.5000,0.0000,0.000000,-0.0500,0.0000,1.0000,0.0000,-0.0000,0.0000,0.0000,1.0000,0
10.0000,5250.0000,1,6.0000,0.2000,0,0,1457,1,-3.0000,0.5000,0.0000,0.000000,-0.0500,0.0000,1.0000,0.0000,-0.0000,0.0000,0.0000,1.0000,0
10.0000,5250.0000,1,6.0000,0.2000,0,0,1470,1,-3.0000,0.5000,0.0000,0.000000,-0.0500,0.0000,1.0000,0.0000,-0.0000,0.0000,0.0000,1.0000,0
10.0000,5250.0000,1,6.0000,0.2000,0,0,1483,1,-3.0000,0.5000,0.0000,0.000000,-0.0500,0.0000,1.0000,0.0000,-0.0000,0.0000,0.0000,1.0000,0
10.0000,5250.0000,1,6.0000,0.2000,0,0,1496,1,-3.0000,0.5000,0.0000,0.000000,-0.0500,0.0000,1.0000,0.0000,-0.0000,0.0000,0.0000,1.0000,0
10.0000,5250.0000,1,6.0000,0.2000,0,0,1510,1,-3.0000,0.5000,0.0000,0.000000,-0.0500,0.0000,1.0000,0.0000,-0.0000,0.0000,0.0000,1.0000,0
10.0000,5250.0000,1,6.0000,0.2000,0,0,1523,1,-3.0000,0.5000,0.0000,0.000000,-0.0500,0.0000,1.0000,0.0000,-0.0000,0.0000,0.0000,1.0000,0
10.0000,5250.0000,1,6.0000,0.2000,0,0,1536,1,-3.0000,0.5000,0.0000,0.000000,-0.0500,0.0000,1.0000,0.0000,-0.0000,0.0000,0.0000,1.0000,0
10.0000,5250.0000,1,6.0000,0.2000,0,0,1550,1,-3.0000,0.5000,0.0000,0.000000,-0.0500,0.0000,1.0000,0.0000,-0.0000,0.0000,0.0000,1.0000,0
10.0000,5250.0000,1,6.0000,0.2000,0,0,1564,1,-3.0000,0.5000,0.0000,0.000000,-0.0500,0.0000,1.0000,0.0000,-0.0000,0.0000,0.0000,1.0000,0
10.0000,5250.0000,1,6.0000,0.2000,0,0,1577,1,-3.0000,0.5000,0.0000,0.000000,-0.0500,0.0000,1.0000,0.0000,-0.0000,0.0000,0.0000,1.0000,0
10.0000,5250.0000,1,6.0000,0.2000,0,0,1591,1,-3.0000,0.5000,0.0000,0.000000,-0.0500,0.0000,1.0000,0.0000,-0.0000,0.0000,0.0000,1.0000,0
10.0000,5250.0000,1,6.0000,0.2000,0,0,1605,1,-3.0000,0.5000,0.0000,0.000000,-0.0500,0.0000,1.0000,0.0000,-0.0000,0.0000,0.0000,1.0000,0
10.0000,5250.0000,1,6.0000,0.2000,0,0,1619,1,-3.0000,0.5000,0.0000,0.000000,-0.0500,0.0000,1.0000,0.0000,-0.0000,0.0000,0.0000,1.0000,0
10.0000,5250.0000,1,6.0000,0.2000,0,0,1633,1,-3.0000,0.5000,0.0000,0.000000,-0.0500,0.0000,1.0000,0.0000,-0.0000,0.0000,0.0000,1.0000,0
10.0000,5250.0000,1,6.0000,0.2000,0,0,1647,1,-3.0000,0.5000,0.0000,0.000000,-0.0500,0.0000,1.0000,0.0000,-0.0000,0.0000,0.0000,1.0000,0
10.0000,5250.0000,1,6.0000,0.2000,0,0,1661,1,-3.0000,0.5000,0.0000,0.000000,-0.0500,0.0000,1.0000,0.0000,-0.0000,0.0000,0.0000,1.0000,0
10.0000,5250.0000,1,6.0000,0.2000,0,0,1675,1,-3.0000,0.5000,0.0000,0.000000,-0.0500,0.0000,1.0000,0.0000,-0.0000,0.0000,0.0000,1.0000,0
10.0000,5250.0000,1,6.0000,0.2000,0,0,1690,1,-3.0000,0.5000,0.0000,0.000000,-0.0500,0.0000,1.0000,0.0000,-0.0000,0.0000,0.0000,1.0000,0
10.0000,5250.0000,1,6.0000,0.2000,0,0,1704,1,-3.0000,0.5000,0.0000,0.000000,-0.0500,0.0000,1.0000,0.0000,-0.0000,0.0000,0.0000,1.0000,0
10.0000,5250.0000,1,6.0000,0.2000,0,0,1718,1,-3.0000,0.5000,0.0000,0.000000,-0.0500,0.0000,1.0000,0.0000,-0.0000,0.0000,0.0000,1.0000,0
10.0000,5250.0000,1,6.0000,0.2000,0,0,1733,1,-3.0000,0.5000,0.0000,0.000000,-0.0500,0.0000,1.0000,0.0000,-0.0000,0.0000,0.0000,1.0000,0
10.0000,5250.0000,1,6.0000,0.2000,0,0,1747,1,-3.0000,0.5000,0.0000,0.000000,-0.0500,0.0000,1.0000,0.0000,-0.0000,0.0000,0.0000,1.0000,0
10.0000,5250.0000,1,6.0000,0.2000,0,0,1762,1,-3.0000,0.5000,0.0000,0.000000,-0.0500,0.0000,1.0000,0.0000,-0.0000,0.0000,0.0000,1.0000,0
10.0000,5250.0000,1,6.0000,0.2000,0,0,1777,1,-3.0000,0.5000,0.0000,0.000000,-0.0500,0.0000,1.0000,0.0000,-0.0000,0.0000,0.0000,1.0000,0
10.0000,5250.0000,1,6.0000,0.2000,0,0,1791,1,-3.0000,0.5000,0.0000,0.000000,-0.0500,0.0000,1.0000,0.0000,-0.0000,0.0000,0.0000,1.0000,0
10.0000,5250.0000,1,6.0000,0.2000,0,0,1806,1,-3.0000,0.5000,0.0000,0.000000,-0.0500,0.0000,1.0000,0.0000,-0.0000,0.0000,0.0000,1.0000,0
10.0000,5250.0000,1,6.0000,0.2000,0,0,1821,1,-3.0000,0.5000,0.0000,0.000000,-0.0500,0.0000,1.0000,0.0000,-0.0000,0.0000,0.0000,1.0000,0
10.0000,5250.0000,1,6.0000,0.2000,0,0,1836,1,-3.0000,0.5000,0.0000,0.000000,-0.0500,0.0000,1.0000,0.0000,-0.0000,0.0000,0.0000,1.0000,0
10.0000,5250.0000,1,6.0000,0.2000,0,0,1850,1,-3.0000,0.5000,0.0000,0.000000,-0.0500,0.0000,1.0000,0.0000,-0.0000,0.0000,0.0000,1.0000,0
10.0000,5250.0000,1,6.0000,0.2000,0,0,1865,1,-3.0000,0.5000,0.0000,0.000000,-0.0500,0.0000,1.0000,0.0000,-0.0000,0.0000,0.0000,1.0000,0
10.0000,5250.0000,1,6.0000,0.2000,0,0,1880,1,-3.0000,0.5000,0.0000,0.000000,-0.0500,0.0000,1.0000,0.0000,-0.0000,0.0000,0.0000,1.0000,0
10.0000,5250.0000,1,6.0000,0.2000,0,0,1895,1,-3.0000,0.5000,0.0000,0.000000,-0.0500,0.0000,1.0000,0.0000,-0.0000,0.0000,0.0000,1.0000,0
10.0000,5250.0000,1,6.0000,0.2000,0,0,1910,1,-3.0000,0.5000,0.0000,0.000000,-0.0500,0.0000,1.0000,0.0000,-0.0000,0.0000,0.0000,1.0000,0
10.0000,5250.0000,1,6.0000,0.2000,0,0,1925,1,-3.0000,0.5000,0.0000,0.000000,-0.0500,0.0000,1.0000,0.0000,-0.0000,0.0000,0.0000,1.0000,0
10.0000,5250.0000,1,6.0000,0.2000,0,0,1940,1,-3.0000,0.5000,0.0000,0.000000,-0.0500,0.0000,1.0000,0.0000,-0.0000,0.0000,0.0000,1.0000,0
10.0000,5250.0000,1,6.0000,0.2000,0,0,1955,1,-3.0000,0.5000,0.0000,0.000000,-0.0500,0.0000,1.0000,0.0000,-0.0000,0.0000,0.0000,1.0000,0
10.0000,5250.0000,1,6.0000,0.2000,0,0,1970,1,-3.0000,0.5000,0.0000,0.000000,-0.0500,0.0000,1.0000,0.0000,-0.0000,0.0000,0.0000,1.0000,0
10.0000,5250.0000,1,6.0000,0.2000,0,0,1985,1,-3.0000,0.5000,0.0000,0.000000,-0.0500,0.0000,1.0000,0.0000,-0.0000,0.0000,0.0000,1.0000,0
10.0000,5250.0000,1,6.0000,0.2000,30,1,2000,1,-3.0000,0.5000,0.0000,0.000000,-0.0500,0.0000,1.0000,0.0000,-0.0000,0.0000,0.0000,1.0000,0
10.0000,5250.0000,1,6.0000,0.2000,30,1,2015,1,-3.0000,0.5000,0.0000,0.000000,-0.0500,0.0000,1.0000,0.0000,-0.0000,0.0000,0.0000,1.0000,0
10.0000,5250.0000,1,6.0000,0.2000,30,1,2030,1,-3.0000,0.5000,0.0000,0.000000,-0.0500,0.0000,1.0000,0.0000,-0.0000,0.0000,0.0000,1.0000,0
10.0000,5250.0000,1,6.0000,0.2000,30,1,2045,1,-3.0000,0.5000,0.0000,0.000000,-0.0500,0.0000,1.0000,0.0000,-0.0000,0.0000,0.0000,1.0000,0
10.0000,5250.0000,1,6.0000,0.2000,30,1,2060,1,-3.0000,0.5000,0.0000,0.000000,-0.0500,0.0000,1.0000,0.0000,-0.0000,0.0000,0.0000,1.0000,0
10.0000,5250.0000,1,6.0000,0.2000,30,1,2075,1,-3.0000,0.5000,0.0000,0.000000,-0.0500,0.0000,1.0000,0.0000,-0.0000,0.0000,0.0000,1.0000,0
10.0000,5250.0000,1,6.0000,0.2000,30,1,2090,1,-3.0000,0.5000,0.0000,0.000000,-0.0500,0.0000,1.0000,0.0000,-0.0000,0.0000,0.0000,1.0000,0
10.0000,5250.0000,1,6.0000,0.2000,30,1,2105,1,-3.0000,0.5000,0.0000,0.000000,-0.0500,0.0000,1.0000,0.0000,-0.0000,0.0000,0.0000,1.0000,0
10.0000,5250.0000,1,6.0000,0.2000,30,1,2120,1,-3.0000,0.5000,0.0000,0.000000,-0.0500,0.0000,1.0000,0.0000,-0.0000,0.0000,0.0000,1.0000,0
10.0000,5250.0000,1,6.0000,0.2000,30,1,2135,1,-3.0000,0.5000,0.0000,0.000000,-0.0500,0.0000,1.0000,0.0000,-0.0000,0.0000,0.0000,1.0000,0
10.0000,5250.0000,1,6.0000,0.2000,30,1,2150,1,-3.0000,0.5000,0.0000,0.000000,-0.0500,0.0000,1.0000,0.0000,-0.0000,0.0000,0.0000,1.0000,0
10.0000,5250.0000,1,6.0000,0.2000,30,1,2164,1,-3.0000,0.5000,0.0000,0.000000,-0.0500,0.0000,1.0000,0.0000,-0.0000,0.0000,0.0000,1.0000,0
10.0000,5250.0000,1,6.0000,0.2000,30,1,2179,1,-3.0000,0.5000,0.0000,0.000000,-0.0500,0.0000,1.0000,0.0000,-0.0000,0.0000,0.0000,1.0000,0
10.0000,5250.0000,1,6.0000,0.2000,30,1,2194,1,-3.0000,0.5000,0.0000,0.000000,-0.0500,0.0000,1.0000,0.0000,-0.0000,0.0000,0.0000,1.0000,0
10.0000,5250.0000,1,6.0000,0.2000,30,1,2209,1,-3.0000,0.5000,0.0000,0.000000,-0.0500,0.0000,1.0000,0.0000,-0.0000,0.0000,0.0000,1.0000,0
10.0000,5250.0000,1,6.0000,0.2000,30,1,2223,1,-3.0000,0.5000,0.0000,0.000000,-0.0500,0.0000,1.0000,0.0000,-0.0000,0.0000,0.0000,1.0000,0
10.0000,5250.0000,1,6.0000,0.2000,30,1,2238,1,-3.0000,0.5000,0.0000,0.000000,-0.0500,0.0000,1.0000,0.0000,-0.0000,0.0000,0.0000,1.0000,0
10.0000,5250.0000,1,6.0000,0.2000,30,1,2253,1,-3.0000,0.5000,0.0000,0.000000,-0.0500,0.0000,1.0000,0.0000,-0.0000,0.0000,0.0000,1.0000,0
10.0000,5250.0000,1,6.0000,0.2000,30,1,2267,1,-3.0000,0.5000,0.0000,0.000000,-0.0500,0.0000,1.0000,0.0000,-0.0000,0.0000,0.0000,1.0000,0
10.0000,5250.0000,1,6.0000,0.2000,30,1,2282,1,-3.0000,0.5000,0.0000,0.000000,-0.0500,0.0000,1.0000,0.0000,-0.0000,0.0000,0.0000,1.0000,0
10.0000,5250.0000,1,6.0000,0.2000,30,1,2296,1,-3.0000,0.5000,0.0000,0.000000,-0.0500,0.0000,1.0000,0.0000,-0.0000,0.0000,0.0000,1.0000,0
10.0000,5250.0000,1,6.0000,0.2000,30,1,2310,1,-3.0000,0.5000,0.0000,0.000000,-0.0500,0.0000,1.0000,0.0000,-0.0000,0.0000,0.0000,1.0000,0
10.0000,5250.0000,1,6.0000,0.2000,30,1,2325,1,-3.0000,0.5000,0.0000,0.000000,-0.0500,0.0000,1.0000,0.0000,-0.0000,0.0000,0.0000,1.0000,0
10.0000,5250.0000,1,6.0000,0.2000,30,1,2339,1,-3.0000,0.5000,0.0000,0.000000,-0.0500,0.0000,1.0000,0.0000,-0.0000,0.0000,0.0000,1.0000,0
10.0000,5250.0000,1,6.0000,0.2000,30,1,2353,1,-3.0000,0.5000,0.0000,0.000000,-0.0500,0.0000,1.0000,0.0000,-0.0000,0.0000,0.0000,1.0000,0
10.0000,5250.0000,1,6.0000,0.2000,30,1,2367,1,-3.0000,0.5000,0.0000,0.000000,-0.0500,0.0000,1.0000,0.0000,-0.0000,0.0000,0.0000,1.0000,0
10.0000,5250.0000,1,6.0000,0.2000,30,1,2381,1,-3.0000,0.5000,0.0000,0.000000,-0.0500,0.0000,1.0000,0.0000,-0.0000,0.0000,0.0000,1.0000,0
10.0000,5250.0000,1,6.0000,0.2000,30,1,2395,1,-3.0000,0.5000,0.0000,0.000000,-0.0500,0.0000,1.0000,0.0000,-0.0000,0.0000,0.0000,1.0000,0
10.0000,5250.0000,1,6.0000,0.2000,30,1,2409,1,-3.0000,0.5000,0.0000,0.000000,-0.0500,0.0000,1.0000,0.0000,-0.0000,0.0000,0.0000,1.0000,0
10.0000,5250.0000,1,6.0000,0.2000,30,1,2423,1,-3.0000,0.5000,0.0000,0.000000,-0.0500,0.0000,1.0000,0.0000,-0.0000,0.0000,0.0000,1.0000,0
10.0000,5250.0000,1,6.0000,0.2000,30,1,2436,1,-3.0000,0.5000,0.0000,0.000000,-0.0500,0.0000,1.0000,0.0000,-0.0000,0.0000,0.0000,1.0000,0
10.0000,5250.0000,1,6.0000,0.2000,30,1,2450,1,-3.0000,0.5000,0.0000,0.000000,-0.0500,0.0000,1.0000,0.0000,-0.0000,0.0000,0.0000,1.0000,0
10.0000,5250.0000,1,6.0000,0.2000,30,1,2464,1,-3.0000,0.5000,0.0000,0.000000,-0.0500,0.0000,1.0000,0.0000,-0.0000,0.0000,0.0000,1.0000,0
10.0000,5250.0000,1,6.0000,0.2000,30,1,2477,1,-3.0000,0.5000,0.0000,0.000000,-0.0500,0.0000,1.0000,0.0000,-0.0000,0.0000,0.0000,1.0000,0
10.0000,5250.0000,1,6.0000,0.2000,30,1,2490,1,-3.0000,0.5000,0.0000,0.000000,-0.0500,0.0000,1.0000,0.0000,-0.0000,0.0000,0.0000,1.0000,0
10.0000,5250.0000,1,6.0000,0.2000,30,1,2504,1,-3.0000,0.5000,0.0000,0.000000,-0.0500,0.0000,1.0000,0.0000,-0.0000,0.0000,0.0000,1.0000,0
10.0000,5250.0000,1,6.0000,0.2000,30,1,2517,1,-3.0000,0.5000,0.0000,0.000000,-0.0500,0.0000,1.0000,0.0000,-0.0000,0.0000,0.0000,1.0000,0
10.0000,5250.0000,1,6.0000,0.2000,30,1,2530,1,-3.0000,0.5000,0.0000,0.000000,-0.0500,0.0000,1.0000,0.0000,-0.0000,0.0000,0.0000,1.0000,0
10.0000,5250.0000,1,6.0000,0.2000,30,1,2543,1,-3.0000,0.5000,0.0000,0.000000,-0.0500,0.0000,1.0000,0.0000,-0.0000,0.0000,0.0000,1.0000,0
10.0000,5250.0000,1,6.0000,0.2000,30,1,2555,1,-3.0000,0.5000,0.0000,0.000000,-0.0500,0.0000,1.0000,0.0000,-0.0000,0.0000,0.0000,1.0000,0
10.0000,5250.0000,1,6.0000,0.2000,30,1,2568,1,-3.0000,0.5000,0.0000,0.000000,-0.0500,0.0000,1.0000,0.0000,-0.0000,0.0000,0.0000,1.0000,0
10.0000,5250.0000,1,6.0000,0.2000,30,1,2581,1,-3.0000,0.5000,0.0000,0.000000,-0.0500,0.0000,1.0000,0.0000,-0.0000,0.0000,0.0000,1.0000,0
10.0000,5250.0000,1,6.0000,0.2000,30,1,2593,1,-3.0000,0.5000,0.0000,0.000000,-0.0500,0.0000,1.0000,0.0000,-0.0000,0.0000,0.0000,1.0000,0
10.0000,5250.0000,1,6.0000,0.2000,30,1,2605,1,-3.0000,0.5000,0.0000,0.000000,-0.0500,0.0000,1.0000,0.0000,-0.0000,0.0000,0.0000,1.0000,0
10.0000,5250.0000,1,6.0000,0.2000,30,1,2617,1,-3.0000,0.5000,0.0000,0.000000,-0.0500,0.0000,1.0000,0.0000,-0.0000,0.0000,0.0000,1.0000,0
10.0000,5250.0000,1,6.0000,0.2000,30,1,2629,1,-3.0000,0.5000,0.0000,0.000000,-0.0500,0.0000,1.0000,0.0000,-0.0000,0.0000,0.0000,1.0000,0
10.0000,5250.0000,1,6.0000,0.2000,30,1,2641,1,-3.0000,0.5000,0.0000,0.000000,-0.0500,0.0000,1.0000,0.0000,-0.0000,0.0000,0.0000,1.0000,0
10.0000,5250.0000,1,6.0000,0.2000,30,1,2653,1,-3.0000,0.5000,0.0000,0.000000,-0.0500,0.0000,1.0000,0.0000,-0.0000,0.0000,0.0000,1.0000,0
10.0000,5250.0000,1,6.0000,0.2000,30,1,2665,1,-3.0000,0.5000,0.0000,0.000000,-0.0500,0.0000,1.0000,0.0000,-0.0000,0.0000,0.0000,1.0000,0
10.0000,5250.0000,1,6.0000,0.2000,30,1,2676,1,-3.0000,0.5000,0.0000,0.000000,-0.0500,0.0000,1.0000,0.0000,-0.0000,0.0000,0.0000,1.0000,0
10.0000,5250.0000,1,6.0000,0.2000,30,1,2688,1,-3.0000,0.5000,0.0000,0.000000,-0.0500,0.0000,1.0000,0.0000,-0.0000,0.0000,0.0000,1.0000,0
10.0000,5250.0000,1,6.0000,0.2000,30,1,2699,1,-3.0000,0.5000,0.0000,0.000000,-0.0500,0.0000,1.0000,0.0000,-0.0000,0.0000,0.0000,1.0000,0
10.0000,5250.0000,1,6.0000,0.2000,30,1,2710,1,-3.0000,0.5000,0.0000,0.000000,-0.0500,0.0000,1.0000,0.0000,-0.0000,0.0000,0.0000,1.0000,0
10.0000,5250.0000,1,6.0000,0.2000,30,1,2721,1,-3.0000,0.5000,0.0000,0.000000,-0.0500,0.0000,1.0000,0.0000,-0.0000,0.0000,0.0000,1.0000,0
10.0000,5250.0000,1,6.0000,0.2000,30,1,2731,1,-3.0000,0.5000,0.0000,0.000000,-0.0500,0.0000,1.0000,0.0000,-0.0000,0.0000,0.0000,1.0000,0
10.0000,5250.0000,1,6.0000,0.2000,30,1,2742,1,-3.0000,0.5000,0.0000,0.000000,-0.0500,0.0000,1.0000,0.0000,-0.0000,0.0000,0.0000,1.0000,0
10.0000,5250.0000,1,6.0000,0.2000,30,1,2752,1,-3.0000,0.5000,0.0000,0.000000,-0.0500,0.0000,1.0000,0.0000,-0.0000,0.0000,0.0000,1.0000,0
10.0000,5250.0000,1,6.0000,0.2000,30,1,2762,1,-3.0000,0.5000,0.0000,0.000000,-0.0500,0.0000,1.0000,0.0000,-0.0000,0.0000,0.0000,1.0000,0
10.0000,5250.0000,1,6.0000,0.2000,30,1,2772,1,-3.0000,0.5000,0.0000,0.000000,-0.0500,0.0000,1.0000,0.0000,-0.0000,0.0000,0.0000,1.0000,0
10.0000,5250.0000,1,6.0000,0.2000,30,1,2782,1,-3.0000,0.5000,0.0000,0.000000,-0.0500,0.0000,1.0000,0.0000,-0.0000,0.0000,0.0000,1.0000,0
10.0000,5250.0000,1,6.0000,0.2000,30,1,2792,1,-3.0000,0.5000,0.0000,0.000000,-0.0500,0.0000,1.0000,0.0000,-0.0000,0.0000,0.0000,1.0000,0
10.0000,5250.0000,1,6.0000,0.2000,30,1,2802,1,-3.0000,0.5000,0.0000,0.000000,-0.0500,0.0000,1.0000,0.0000,-0.0000,0.0000,0.0000,1.0000,0
10.0000,5250.0000,1,6.0000,0.2000,30,1,2811,1,-3.0000,0.5000,0.0000,0.000000,-0.0500,0.0000,1.0000,0.0000,-0.0000,0.0000,0.0000,1.0000,0
10.0000,5250.0000,1,6.0000,0.2000,30,1,2820,1,-3.0000,0.5000,0.0000,0.000000,-0.0500,0.0000,1.0000,0.0000,-0.0000,0.0000,0.0000,1.0000,0
10.0000,5250.0000,1,6.0000,0.2000,30,1,2829,1,-3.0000,0.5000,0.0000,0.000000,-0.0500,0.0000,1.0000,0.0000,-0.0000,0.0000,0.0000,1.0000,0
10.0000,5250.0000,1,6.0000,0.2000,30,1,2838,1,-3.0000,0.5000,0.0000,0.000000,-0.0500,0.0000,1.0000,0.0000,-0.0000,0.0000,0.0000,1.0000,0
10.0000,5250.0000,1,6.0000,0.2000,30,1,2846,1,-3.0000,0.5000,0.0000,0.000000,-0.0500,0.0000,1.0000,0.0000,-0.0000,0.0000,0.0000,1.0000,0
10.0000,5250.0000,1,6.0000,0.2000,30,1,2855,1,-3.0000,0.5000,0.0000,0.000000,-0.0500,0.0000,1.0000,0.0000,-0.0000,0.0000,0.0000,1.0000,0
10.0000,5250.0000,1,6.0000,0.2000,30,1,2863,1,-3.0000,0.5000,0.0000,0.000000,-0.0500,0.0000,1.0000,0.0000,-0.0000,0.0000,0.0000,1.0000,0
10.0000,5250.0000,1,6.0000,0.2000,30,1,2871,1,-3.0000,0.5000,0.0000,0.000000,-0.0500,0.0000,1.0000,0.0000,-0.0000,0.0000,0.0000,1.0000,0
10.0000,5250.0000,1,6.0000,0.2000,30,1,2879,1,-3.0000,0.5000,0.0000,0.000000,-0.0500,0.0000,1.0000,0.0000,-0.0000,0.0000,0.0000,1.0000,0
10.0000,5250.0000,1,6.0000,0.2000,30,1,2886,1,-3.0000,0.5000,0.0000,0.000000,-0.0500,0.0000,1.0000,0.0000,-0.0000,0.0000,0.0000,1.0000,0
10.0000,5250.0000,1,6.0000,0.2000,30,1,2893,1,-3.0000,0.5000,0.0000,0.000000,-0.0500,0.0000,1.0000,0.0000,-0.0000,0.0000,0.0000,1.0000,0
10.0000,5250.0000,1,6.0000,0.2000,30,1,2900,1,-3.0000,0.5000,0.0000,0.000000,-0.0500,0.0000,1.0000,0.0000,-0.0000,0.0000,0.0000,1.0000,0
10.0000,5250.0000,1,6.0000,0.2000,30,1,2907,1,-3.0000,0.5000,0.0000,0.000000,-0.0500,0.0000,1.0000,0.0000,-0.0000,0.0000,0.0000,1.0000,0
10.0000,5250.0000,1,6.0000,0.2000,30,1,2914,1,-3.0000,0.5000,0.0000,0.000000,-0.0500,0.0000,1.0000,0.0000,-0.0000,0.0000,0.0000,1.0000,0
10.0000,5250.0000,1,6.0000,0.2000,30,1,2921,1,-3.0000,0.5000,0.0000,0.000000,-0.0500,0.0000,1.0000,0.0000,-0.0000,0.0000,0.0000,1.0000,0
10.0000,5250.0000,1,6.0000,0.2000,30,1,2927,1,-3.0000,0.5000,0.0000,0.000000,-0.0500,0.0000,1.0000,0.0000,-0.0000,0.0000,0.0000,1.0000,0
10.0000,5250.0000,1,6.0000,0.2000,30,1,2933,1,-3.0000,0.5000,0.0000,0.000000,-0.0500,0.0000,1.0000,0.0000,-0.0000,0.0000,0.0000,1.0000,0
10.0000,5250.0000,1,6.0000,0.2000,30,1,2938,1,-3.0000,0.5000,0.0000,0.000000,-0.0500,0.0000,1.0000,0.0000,-0.0000,0.0000,0.0000,1.0000,0
10.0000,5250.0000,1,6.0000,0.2000,30,1,2944,1,-3.0000,0.5000,0.0000,0.000000,-0.0500,0.0000,1.0000,0.0000,-0.0000,0.0000,0.0000,1.0000,0
10.0000,5250.0000,1,6.0000,0.2000,30,1,2949,1,-3.0000,0.5000,0.0000,0.000000,-0.0500,0.0000,1.0000,0.0000,-0.0000,0.0000,0.0000,1.0000,0
10.0000,5250.0000,1,6.0000,0.2000,30,1,2954,1,-3.0000,0.5000,0.0000,0.000000,-0.0500,0.0000,1.0000,0.0000,-0.0000,0.0000,0.0000,1.0000,0
10.0000,5250.0000,1,6.0000,0.2000,30,1,2959,1,-3.0000,0.5000,0.0000,0.000000,-0.0500,0.0000,1.0000,0.0000,-0.0000,0.0000,0.0000,1.0000,0
10.0000,5250.0000,1,6.0000,0.2000,30,1,2964,1,-3.0000,0.5000,0.0000,0.000000,-0.0500,0.0000,1.0000,0.0000,-0.0000,0.0000,0.0000,1.0000,0
10.0000,5250.0000,1,6.0000,0.2000,30,1,2968,1,-3.0000,0.5000,0.0000,0.000000,-0.0500,0.0000,1.0000,0.0000,-0.0000,0.0000,0.0000,1.0000,0
10.0000,5250.0000,1,6.0000,0.2000,30,1,2972,1,-3.0000,0.5000,0.0000,0.000000,-0.0500,0.0000,1.0000,0.0000,-0.0000,0.0000,0.0000,1.0000,0
10.0000,5250.0000,1,6.0000,0.2000,30,1,2976,1,-3.0000,0.5000,0.0000,0.000000,-0.0500,0.0000,1.0000,0.0000,-0.0000,0.0000,0.0000,1.0000,0
10.0000,5250.0000,1,6.0000,0.2000,30,1,2979,1,-3.0000,0.5000,0.0000,0.000000,-0.0500,0.0000,1.0000,0.0000,-0.0000,0.0000,0.0000,1.0000,0
10.0000,5250.0000,1,6.0000,0.2000,30,1,2983,1,-3.0000,0.5000,0.0000,0.000000,-0.0500,0.0000,1.0000,0.0000,-0.0000,0.0000,0.0000,1.0000,0
10.0000,5250.0000,1,6.0000,0.2000,30,1,2986,1,-3.0000,0.5000,0.0000,0.000000,-0.0500,0.0000,1.0000,0.0000,-0.0000,0.0000,0.0000,1.0000,0
10.0000,5250.0000,1,6.0000,0.2000,30,1,2988,1,-3.0000,0.5000,0.0000,0.000000,-0.0500,0.0000,1.0000,0.0000,-0.0000,0.0000,0.0000,1.0000,0
10.0000,5250.0000,1,6.0000,0.2000,30,1,2991,1,-3.0000,0.5000,0.0000,0.000000,-0.0500,0.0000,1.0000,0.0000,-0.0000,0.0000,0.0000,1.0000,0
10.0000,5250.0000,1,6.0000,0.2000,30,1,2993,1,-3.0000,0.5000,0.0000,0.000000,-0.0500,0.0000,1.0000,0.0000,-0.0000,0.0000,0.0000,1.0000,0
10.0000,5250.0000,1,6.0000,0.2000,30,1,2995,1,-3.0000,0.5000,0.0000,0.000000,-0.0500,0.0000,1.0000,0.0000,-0.0000,0.0000,0.0000,1.0000,0
10.0000,5250.0000,1,6.0000,0.2000,30,1,2996,1,-3.0000,0.5000,0.0000,0.000000,-0.0500,0.0000,1.0000,0.0000,-0.0000,0.0000,0.0000,1.0000,0
10.0000,5250.0000,1,6.0000,0.2000,30,1,2998,1,-3.0000,0.5000,0.0000,0.000000,-0.0500,0.0000,1.0000,0.0000,-0.0000,0.0000,0.0000,1.0000,0
10.0000,5250.0000,1,6.0000,0.2000,30,1,2999,1,-3.0000,0.5000,0.0000,0.000000,-0.0500,0.0000,1.0000,0.0000,-0.0000,0.0000,0.0000,1.0000,0
10.0000,5250.0000,1,6.0000,0.2000,30,1,2999,1,-3.0000,0.5000,0.0000,0.000000,-0.0500,0.0000,1.0000,0.0000,-0.0000,0.0000,0.0000,1.0000,0
10.0000,5250.0000,1,6.0000,0.2000,30,1,3000,1,-3.0000,0.5000,0.0000,0.000000,-0.0500,0.0000,1.0000,0.0000,-0.0000,0.0000,0.0000,1.0000,0
